<?xml version="1.0" encoding="UTF-8"?>
<project-private xmlns="http://www.netbeans.org/ns/project-private/1">
    <editor-bookmarks xmlns="http://www.netbeans.org/ns/editor-bookmarks/2" lastBookmarkId="0"/>
    <open-files xmlns="http://www.netbeans.org/ns/projectui-open-files/2">
        <group>
            <file>file:/C:/Users/julia/Documents/NetBeansProjects/VictorianEraStrifeOrThrive/src/VictorianEraStrifeOrThrive/Home.java</file>
            <file>file:/C:/Users/julia/Documents/NetBeansProjects/VictorianEraStrifeOrThrive/src/VictorianEraStrifeOrThrive/InventoryScreen.fxml</file>
            <file>file:/C:/Users/julia/Documents/NetBeansProjects/VictorianEraStrifeOrThrive/src/VictorianEraStrifeOrThrive/Location.java</file>
            <file>file:/C:/Users/julia/Documents/NetBeansProjects/VictorianEraStrifeOrThrive/src/VictorianEraStrifeOrThrive/ScreenMenuController.java</file>
            <file>file:/C:/Users/julia/Documents/NetBeansProjects/VictorianEraStrifeOrThrive/src/VictorianEraStrifeOrThrive/ShopScreenController.java</file>
            <file>file:/C:/Users/julia/Documents/NetBeansProjects/VictorianEraStrifeOrThrive/src/VictorianEraStrifeOrThrive/HouseScreen.fxml</file>
            <file>file:/C:/Users/julia/Documents/NetBeansProjects/VictorianEraStrifeOrThrive/src/VictorianEraStrifeOrThrive/InventoryScreenController.java</file>
            <file>file:/C:/Users/julia/Documents/NetBeansProjects/VictorianEraStrifeOrThrive/src/VictorianEraStrifeOrThrive/HouseScreenController.java</file>
            <file>file:/C:/Users/julia/Documents/NetBeansProjects/VictorianEraStrifeOrThrive/src/VictorianEraStrifeOrThrive/Player.java</file>
            <file>file:/C:/Users/julia/Documents/NetBeansProjects/VictorianEraStrifeOrThrive/src/VictorianEraStrifeOrThrive/WorkplaceScreenController.java</file>
            <file>file:/C:/Users/julia/Documents/NetBeansProjects/VictorianEraStrifeOrThrive/src/VictorianEraStrifeOrThrive/Main.java</file>
            <file>file:/C:/Users/julia/Documents/NetBeansProjects/VictorianEraStrifeOrThrive/src/VictorianEraStrifeOrThrive/Items.java</file>
        </group>
    </open-files>
</project-private>
